{
    "companies": [
        {
            "id": 1,
            "country": "United States",
            "description": "Apple Inc. is a multinational technology company headquartered in Cupertino, California, that designs, develops, and sells consumer electronics, computer software, and online services. The company's hardware products include the iPhone smartphone, the iPad tablet computer, the Mac personal computer, the iPod portable media player, the Apple Watch smartwatch, the Apple TV digital media player, and the HomePod smart speaker. Apple's software includes the macOS and iOS operating systems, the iTunes media player, the Safari web browser, and the iLife and iWork creativity and productivity suites.",
            "ipo": "1980",
            "sector": "Technology",
            "subsector": "Consumer electronics",
            "name": "Apple Inc.",
            "ticker": "AAPL",
            "weburl": "https://www.apple.com",
            "logo": "https://www.apple.com/apple-touch-icon.png"
        },
        {
            "id": 2,
            "country": "United States",
            "description": "Microsoft Corporation is an American multinational technology company with headquarters in Redmond, Washington. It develops, licenses, and sells computer software, consumer electronics, and personal computers and services. Its best known software products are the Microsoft Windows line of operating systems, the Microsoft Office suite, and the Internet Explorer and Edge web browsers. Its flagship hardware products are the Xbox video game consoles and the Surface tablet lineup.",
            "ipo": "1986",
            "sector": "Technology",
            "subsector": "Computer software",
            "name": "Microsoft Corp.",
            "ticker": "MSFT",
            "weburl": "https://www.microsoft.com",
            "logo": "https://www.microsoft.com/favicon.ico"
        },
        {
            "id": 3,
            "country": "United States",
            "description": "Amazon.com, Inc. is an American multinational technology company based in Seattle, Washington, that focuses on e-commerce, cloud computing, digital streaming, and artificial intelligence. It is considered one of the Big Four technology companies along with Google, Apple, and Facebook. Amazon is known for its disruptive innovation and its dominance in the e-commerce industry. It operates through numerous subsidiaries, including Amazon Prime, Amazon Web Services, Alexa Internet, and Amazon Robotics.",
            "ipo": "1997",
            "sector": "Retail",
            "subsector": "Online retail",
            "name": "Amazon.com Inc.",
            "ticker": "AMZN",
            "weburl": "https://www.amazon.com",
            "logo": "https://www.amazon.com/favicon.ico"
        },
        {
            "id": 4,
            "country": "USA",
            "description": "Computer hardware and software company",
            "ipo": "1999-01-22",
            "sector": "Technology",
            "subsector": "Semiconductors",
            "name": "NVIDIA Corp.",
            "ticker": "NVDA",
            "weburl": "https://www.nvidia.com/",
            "logo": "https://www.nvidia.com/content/dam/en-zz/Solutions/GeForce/GeForce-Logo.png"
        },
        {
            "id": 6,
            "country": "USA",
            "description": "Multinational conglomerate company",
            "ipo": "2004-08-19",
            "sector": "Technology",
            "subsector": "Internet Services & Products",
            "name": "Alphabet Inc.",
            "ticker": "GOOGL",
            "weburl": "https://abc.xyz/",
            "logo": "https://www.google.com/images/branding/googlelogo/1x/googlelogo_color_272x92dp.png"
        },
        {
            "id": 7,
            "country": "USA",
            "description": "Electric vehicle and clean energy company",
            "ipo": "2010-06-29",
            "sector": "Consumer Discretionary",
            "subsector": "Automobiles",
            "name": "Tesla Inc.",
            "ticker": "TSLA",
            "weburl": "https://www.tesla.com/",
            "logo": "https://www.tesla.com/sites/default/files/Tesla-Logo.png"
        },
        {
            "id": 8,
            "country": "USA",
            "description": "Software company",
            "ipo": "N/A",
            "sector": "Technology",
            "subsector": "Software",
            "name": "Meta Inc.",
            "ticker": "META",
            "weburl": "https://www.meta.com/",
            "logo": "https://www.meta.com/static/img/logo.svg"
        },
        {
            "id": 9,
            "country": "USA",
            "description": "Semiconductor company",
            "ipo": "1998-02-09",
            "sector": "Technology",
            "subsector": "Semiconductors",
            "name": "Broadcom Inc.",
            "ticker": "AVGO",
            "weburl": "https://www.broadcom.com/",
            "logo": "https://www.broadcom.com/content/dam/broadcom"
        },
        {
            "id": 10,
            "country": "USA",
            "description": "PepsiCo, Inc. is a food and beverage company, which offers a range of food and snacks, beverages, and juices. It operates through the following business segments: Frito-Lay North America, Quaker Foods North America, and North America Beverages.",
            "ipo": "1972",
            "sector": "Consumer Goods",
            "subsector": "Food & Beverages",
            "name": "PepsiCo Inc.",
            "ticker": "PEP",
            "weburl": "https://www.pepsico.com/",
            "logo": "https://www.pepsico.com/content/dam/pepsico/pepsico-corp/images/logo-pepsico.png"
        },
        {
            "id": 11,
            "country": "USA",
            "description": "Costco Wholesale Corporation is an American multinational corporation which operates a chain of membership-only warehouse clubs. As of 2015, Costco was the second largest retailer in the world after Walmart, and as of 2016, Costco was the world's largest retailer of choice and prime beef, organic foods, rotisserie chicken, and wine.",
            "ipo": "1985",
            "sector": "Retail",
            "subsector": "Wholesale",
            "name": "Costco Corp.",
            "ticker": "COST",
            "weburl": "https://www.costco.com/",
            "logo": "https://www.costco.com/wcsstore/Costco/images/logo.gif"
        },
        {
            "id": 12,
            "country": "USA",
            "description": "Cisco Systems, Inc. is an American multinational technology conglomerate headquartered in San Jose, California, in the center of Silicon Valley. Cisco develops, manufactures and sells networking hardware, telecommunications equipment and other high-technology services and products.",
            "ipo": "1990",
            "sector": "Technology",
            "subsector": "Networking Equipment",
            "name": "Cisco Systems Inc.",
            "ticker": "CSCO",
            "weburl": "https://www.cisco.com/",
            "logo": "https://www.cisco.com/c/dam/en/us/support/web/images/logos/Cisco_Systems_Logo_Primary.png"
        },
        {
            "id": 13,
            "country": "USA",
            "description": "Electronic Arts Inc. is an American video game company headquartered in Redwood City, California. It is the second-largest gaming company in the Americas and Europe by revenue and market capitalization after Activision Blizzard and ahead of Take-Two Interactive and Ubisoft.",
            "ipo": "1991",
            "sector": "Technology",
            "subsector": "Video Gaming",
            "name": "Electronic Arts Inc.",
            "ticker": "EA",
            "weburl": "https://www.ea.com/",
            "logo": "https://www.ea.com/favicon.ico"
        },
        {
            "id": 14,
            "country": "USA",
            "description": "Comcast Corporation is a global media and technology company with two primary businesses, Comcast Cable and NBCUniversal.",
            "ipo": "1972",
            "sector": "Communication Services",
            "subsector": "Entertainment",
            "name": "Comcast Corp.",
            "ticker": "CMCSA",
            "weburl": "https://www.comcastcorporation.com/",
            "logo": ""
        },
        {
            "id": 15,
            "country": "USA",
            "description": "Adobe Inc. is an American multinational computer software company.",
            "ipo": "1986",
            "sector": "Technology",
            "subsector": "Software",
            "name": "Adobe Inc.",
            "ticker": "ADBE",
            "weburl": "https://www.adobe.com/",
            "logo": ""
        },
        {
            "id": 16,
            "country": "USA",
            "description": "Netflix, Inc. is an American over-the-top content platform and production company headquartered in Los Gatos, California.",
            "ipo": "2002",
            "sector": "Communication Services",
            "subsector": "Entertainment",
            "name": "Netflix Inc.",
            "ticker": "NFLX",
            "weburl": "https://www.netflix.com/",
            "logo": ""
        },
        {
            "id": 17,
            "country": "USA",
            "description": "Texas Instruments Incorporated (TI) is an American technology company that designs and manufactures semiconductors, which it sells to electronics designers and manufacturers globally.",
            "ipo": "1962",
            "sector": "Information Technology",
            "subsector": "Semiconductors",
            "name": "Texas Instruments",
            "ticker": "TXN",
            "weburl": "https://www.ti.com/",
            "logo": ""
        },
        {
            "id": 18,
            "country": "USA",
            "description": "QUALCOMM Incorporated is an American multinational corporation that is based in San Diego, California.",
            "ipo": "1991",
            "sector": "Information Technology",
            "subsector": "Semiconductors",
            "name": "QUALCOMM Inc.",
            "ticker": "QCOM",
            "weburl": "https://www.qualcomm.com/",
            "logo": ""
        },
        {
            "id": 19,
            "country": "UK",
            "description": "AstraZeneca is a global, science-led biopharmaceutical company that focuses on the research, development, and manufacture of prescription drugs, primarily for the treatment of diseases in three therapy areas - Oncology, Cardiovascular & Metabolic Diseases, and Respiratory.",
            "ipo": "1991",
            "sector": "Healthcare",
            "subsector": "Pharmaceuticals",
            "name": "AstraZeneca",
            "ticker": "AZN",
            "weburl": "https://www.astrazeneca.com/",
            "logo": ""
        },
        {
            "id": 20,
            "country": "USA",
            "description": "Video communication platform",
            "ipo": "2019-04-18",
            "sector": "Technology",
            "subsector": "Software and Services",
            "name": "Zoom Video Inc.",
            "ticker": "ZM",
            "weburl": "https://www.zoom.us/",
            "logo": ""
        },
        {
            "id": 21,
            "country": "USA",
            "description": "Coffeehouse chain",
            "ipo": "1992-06-26",
            "sector": "Consumer Discretionary",
            "subsector": "Hotels, Restaurants & Leisure",
            "name": "Starbucks Corp.",
            "ticker": "SBUX",
            "weburl": "https://www.starbucks.com/",
            "logo": ""
        },
        {
            "id": 22,
            "country": "USA",
            "description": "Semiconductor manufacturer",
            "ipo": "1986-09-18",
            "sector": "Technology",
            "subsector": "Semiconductors & Semiconductor Equipment",
            "name": "Intel Corp.",
            "ticker": "INTC",
            "weburl": "https://www.intel.com/",
            "logo": ""
        },
        {
            "id": 23,
            "country": "USA",
            "description": "Semiconductor manufacturer",
            "ipo": "1972-09-19",
            "sector": "Technology",
            "subsector": "Semiconductors & Semiconductor Equipment",
            "name": "AMD Inc.",
            "ticker": "AMD",
            "weburl": "https://www.amd.com/",
            "logo": ""
        },
        {
            "id": 24,
            "country": "USA",
            "description": "e-commerce platform",
            "ipo": "1998-09-29",
            "sector": "Consumer Discretionary",
            "subsector": "Internet & Direct Marketing Retail",
            "name": "eBay Inc.",
            "ticker": "EBAY",
            "weburl": "https://www.ebay.com/",
            "logo": ""
        },
        {
            "id": 25,
            "country": "Australia",
            "description": "Software development company",
            "ipo": "2015-12-10",
            "sector": "Technology",
            "subsector": "Software and Services",
            "name": "Atlassian Corp",
            "ticker": "TEAM",
            "weburl": "https://www.atlassian.com/",
            "logo": ""
        }
    ]
}